<?xml version="1.0" encoding="UTF-8"?>
<project-private xmlns="http://www.netbeans.org/ns/project-private/1">
    <editor-bookmarks xmlns="http://www.netbeans.org/ns/editor-bookmarks/2" lastBookmarkId="0"/>
    <open-files xmlns="http://www.netbeans.org/ns/projectui-open-files/2">
        <group name="WEBSOCKET">
            <file>file:/E:/LF-Chat-proj/WebSocket/NettyWebSocket/src/com/iminido/netty/helper/TextWebSocketFrameHandler.java</file>
        </group>
        <group/>
    </open-files>
</project-private>
